,Title,Author,Age,Favorite,PublicDay,HashTag
0,참교육,채용택,RATE_15,881396,MONDAY,"액션,블루스트링,사이다,학원물,먼치킨,다크히어로"
1,뷰티풀 군바리,설이,RATE_15,782337,MONDAY,"드라마,직업드라마,밀리터리"
2,신의 탑,SIU,RATE_12,1965523,MONDAY,"판타지,세계관,이능력배틀물,소년왕도물,먼치킨"
3,똑 닮은 딸,이담,RATE_15,479175,MONDAY,"스릴러,2020지상최대공모전,서스펜스"
4,백수세끼,치즈,ALL,482453,MONDAY,"드라마,음식&요리,감성드라마"
5,퀘스트지상주의,박태준 만화회사,RATE_15,542404,MONDAY,"드라마,게임판타지,학원물"
6,장씨세가 호위무사,김인호,RATE_12,310006,MONDAY,"무협/사극,사이다,힘숨찐,판무,먼치킨,소설원작"
7,윈드브레이커,조용석,RATE_12,1149147,MONDAY,"스포츠,스포츠성장"
8,소녀의 세계,모랑지,ALL,1124723,MONDAY,"드라마,학원로맨스,하이틴,직진남,삼각관계,까칠남,감성드라마"
9,버림받은 왕녀의 은밀한 침실,혜니,RATE_18,287759,MONDAY,"로맨스,고자극로맨스,궁중로맨스,까칠남,소설원작,성인웹툰"
10,신화급 귀속 아이템을 손에 넣었다,정선율,RATE_15,295950,MONDAY,"판타지,아포칼립스,사이다,게임판타지,회귀,헌터물,소년왕도물,먼치킨,구원서사,소설원작"
11,우아한 욕망,김종건,RATE_18,66507,MONDAY,"로맨스,고자극로맨스,성인웹툰"
12,별난식당,HO9,ALL,108178,MONDAY,"드라마,지금추천작,힐링,직업드라마,음식&요리,성장드라마"
13,절대검감,김두루미,RATE_12,115492,MONDAY,"무협/사극,환골탈태,소설원작"
14,퍼니게임,배진수,RATE_15,87943,MONDAY,스릴러
15,만렙돌파,성불예정,RATE_15,247212,MONDAY,"판타지,고인물,게임판타지,먼치킨"
16,잔불의 기사,환댕,RATE_15,215756,MONDAY,"판타지,세계관,판무,복수극"
17,나 없는 단톡방,봉수,RATE_12,132917,MONDAY,"드라마,요즘핫한추천작,학원물"
18,순정말고 순종,슈안,RATE_15,507515,MONDAY,"로맨스,로맨스코미디,연예계,삼각관계"
19,리턴 투 플레이어,신성,RATE_15,238273,MONDAY,"판타지,아포칼립스,게임판타지,회귀,소년왕도물,먼치킨,소설원작"
20,물어보는 사이,성은,RATE_15,390575,MONDAY,"로맨스,아이돌,계약연애,직진남,인외존재,연예계,삼각관계,뱀파이어"
21,히어로메이커,빤쓰,ALL,82514,MONDAY,"판타지,히어로"
22,파견체,곽백수,RATE_12,17763,MONDAY,"판타지,sf,인외존재"
23,신군,규남,RATE_15,92267,MONDAY,"액션,소년왕도물"
24,천재 타자가 강속구를 숨김,황지성,ALL,62498,MONDAY,"스포츠,야구,소설원작"
25,루루라라 우리네 인생,현이씨,ALL,31708,MONDAY,"일상,무해한"
26,칼가는 소녀,오리,RATE_12,398401,MONDAY,"드라마,최강자전,2018최강자전,성장드라마,걸크러시,감성드라마"
27,결혼생활 그림일기,은꼼지,ALL,112032,MONDAY,일상
28,더블클릭,박수봉,ALL,166844,MONDAY,"액션,게임판타지,스포츠성장"
29,ㅋㅋ단편.zip,네이버웹툰 작가,ALL,8280,MONDAY,개그
30,컨트롤X,사이렌,RATE_12,32210,MONDAY,"로맨스,2022지상최대공모전,전남친,연예계,걸크러시"
31,앵무살수,김성진,RATE_15,224796,MONDAY,"판타지,판무"
32,인섹터,마카빔,RATE_15,75038,MONDAY,"판타지,힘숨찐,이능력배틀물,다크히어로"
33,서브 남주가 파업하면 생기는 일,쓰레빠인간,ALL,74746,MONDAY,"판타지,로판,소설원작"
34,오빠집이 비어서,이서희,ALL,180671,MONDAY,"로맨스,계약연애,연예계,소설원작"
35,꿈의 기업,문지현,RATE_12,118381,MONDAY,"스릴러,아포칼립스,sf"
36,악녀교실,즛호,RATE_15,17639,MONDAY,"드라마,사이다,학원물,복수극"
37,쥴리에타의 드레스 업,말차,RATE_15,35532,MONDAY,"로맨스,소설원작"
38,엘프,홍작가,ALL,18666,MONDAY,"판타지,세계관"
39,사이다걸,김드루,ALL,34552,MONDAY,드라마
40,헬크래프트,나락,RATE_15,41308,MONDAY,"판타지,서스펜스,두뇌싸움"
41,마이너스의 손,김뎐,ALL,164164,MONDAY,"판타지,최강자전,2015최강자전"
42,피폐물의 해피엔딩을 위하여,호,ALL,57819,MONDAY,"로맨스,빙의,로판,구원서사"
43,입술이 예쁜 남자,고도,RATE_15,135620,MONDAY,"로맨스,소설원작"
44,북부 공작님을 유혹하겠습니다,가천가,ALL,254333,MONDAY,"로맨스,로판,소설원작"
45,라서드,감람,RATE_12,62372,MONDAY,판타지
46,하루의 하루,김이랑,ALL,56700,MONDAY,드라마
47,아슈타르테,SOON,ALL,107805,MONDAY,"로맨스,로판,소설원작"
48,퇴근 후에 만나요,박한나,RATE_12,40285,MONDAY,"로맨스,2030연애,로맨스코미디,전남친,오피스로맨스,사내연애,소설원작"
49,랭커,신건,RATE_15,32099,MONDAY,"액션,성장물,서바이벌,격투기,소년왕도물"
50,악당과 악당이 만나면,삵,RATE_12,43201,MONDAY,"로맨스,계략여주,직진남,로판,걸크러시,소설원작"
51,도깨비 부른다,WEBANGSANG,RATE_15,27438,MONDAY,판타지
52,매지컬 급식:암살법사,웡웡이,ALL,31052,MONDAY,"판타지,학원물,이능력배틀물"
53,지옥연애환담,황도톨,RATE_15,51322,MONDAY,"로맨스,로판,까칠남,소설원작"
54,최후의 금빛아이,알깨,RATE_12,66622,MONDAY,"판타지,이세계,성장드라마"
55,백호랑,박혬,ALL,61157,MONDAY,판타지
56,원하나,비진,RATE_15,48222,MONDAY,"드라마,2021최강자전"
57,영앤리치가 아니야!,최삡뺩,ALL,43977,MONDAY,"개그,재벌"
58,오늘의 비너스,엄세윤,RATE_15,67038,MONDAY,"로맨스,환골탈태,2021지상최대공모전,친구>연인,연예계"
59,굿바이 유교보이,아실,RATE_15,45012,MONDAY,"로맨스,계략여주,2030연애,계약연애,직진남,삼각관계"
60,주작연애,우까,RATE_15,82481,MONDAY,"로맨스,고자극로맨스,최강자전,혐관로맨스,하이틴,학원로맨스"
61,너를 돌려차는 방법,한성만,ALL,95045,MONDAY,"로맨스,동아리,소꿉친구,로맨스코미디,힐링,혐관로맨스,학원로맨스,하이틴,친구>연인,연상연하,성장드라마"
62,고백어택,늠개,ALL,66767,MONDAY,"로맨스,짝사랑,학원로맨스"
63,어쌔신 크리드 - 잊혀진 사원,샤이아탄,RATE_15,17684,MONDAY,"판타지,레드아이스스튜디오,게임판타지"
64,슈퍼스타 천대리,Do8,ALL,21367,MONDAY,"감성,음악,연예계,소설원작"
65,"집사, 주세요!",꾀돌이,ALL,57703,MONDAY,"로맨스,로맨스코미디,4차원,하이틴,학원로맨스,역하렘"
66,메리의 불타는 행복회로,김지수,ALL,39918,MONDAY,드라마
67,세번째 로망스,문조,ALL,75277,MONDAY,"로맨스,타임슬립,전남친"
68,포스트 팬데믹,좡좡,RATE_15,20545,MONDAY,"스릴러,소설원작"
69,역주행!,김현아,ALL,48484,MONDAY,"드라마,아이돌,아이돌연애,연예계"
70,토마토가 돼라!,뮤리,ALL,35855,MONDAY,로맨스
71,버그이터,이륙,RATE_12,36743,MONDAY,"판타지,2021지상최대공모전,게임판타지,먼치킨"
72,러브 똘츄얼리,김진경,ALL,18788,MONDAY,로맨스
73,결혼공략,율무,ALL,46281,MONDAY,"로맨스,로맨스코미디,캠퍼스로맨스,청춘로맨스"
74,트러블리걸,일쩜이,RATE_15,24939,MONDAY,로맨스
75,파운더,임상윤,RATE_15,46514,MONDAY,"액션,범죄"
76,중독연구소,김택기,ALL,28113,MONDAY,드라마
77,트리거,고경빈,RATE_15,26284,MONDAY,"판타지,아포칼립스,인외존재"
78,악취해결사,샘샘,ALL,23408,MONDAY,"드라마,최강자전,2021최강자전,학원물,성장드라마"
79,행운을 부탁해!,해롱,ALL,23981,MONDAY,"로맨스,로맨스코미디,현실로맨스,로판"
80,오로지 오로라,홍달,ALL,48856,MONDAY,"판타지,최강자전,2019최강자전,히어로"
81,모스크바의 여명,이샨오,ALL,64528,MONDAY,"드라마,힐링,소설원작"
82,별을 쫓는 소년들,HYBE,RATE_12,53990,MONDAY,"판타지,히어로,연예계"
83,연애 연기대상,김충전,RATE_15,25300,MONDAY,"로맨스,고자극로맨스,2030연애,로맨스코미디,계약연애,청춘로맨스,캠퍼스로맨스"
84,시한부의 아이까지 뺏으려 합니다,랍스타,ALL,2850,MONDAY,"로맨스,소설원작"
85,개같이 탈출,갬쟈,ALL,2567,MONDAY,"드라마,성장물,2022지상최대공모전,무해한,힐링,좀비,동물"
86,신혼일기,자까,ALL,331459,THURSDAY,"일상,2030연애,친구>연인"
87,무직백수 계백순,지발,RATE_15,129590,WEDNESDAY,"개그,요즘핫한추천작"
88,싸움독학,박태준 만화회사,RATE_15,1077003,SUNDAY,"액션,학원물,인플루언서,소년왕도물"
89,약한영웅,서패스,RATE_15,550861,SUNDAY,"액션,드라마&영화원작웹툰,힘숨찐,학원물"
90,입학용병,YC,RATE_12,610040,SUNDAY,"액션,밀리터리,학원물,먼치킨"
91,투신전생기,청담,RATE_12,421249,SUNDAY,"액션,회귀,이능력배틀물,복수극,먼치킨"
92,일타강사 백사부,팀 더 지크,RATE_12,226172,SUNDAY,"무협/사극,소설원작"
93,사형소년,김숭늉,RATE_15,329650,SUNDAY,"스릴러,사이다"
94,가비지타임,2사장,ALL,351313,SUNDAY,"스포츠,최강자전,2017최강자전,농구,스포츠성장"
95,수희0(tngmlek0),생일기분,RATE_12,245871,SUNDAY,"드라마,하이퍼리얼리즘,인플루언서,머니게임"
96,나 혼자 특성빨로 무한 성장,샤이아탄,RATE_15,123830,SUNDAY,"액션,레드아이스스튜디오,헌터물,먼치킨,소설원작"
97,천화서고 대공자,128,RATE_15,82858,SUNDAY,"무협/사극,지금추천작,소설원작"
98,아카데미의 천재칼잡이,시치,RATE_15,64305,SUNDAY,"판타지,소설원작"
99,판사 이한영,문성호,RATE_15,154118,SUNDAY,"드라마,법정드라마,직업드라마,회귀,소설원작"
100,자매전쟁,기맹기,RATE_12,323466,SUNDAY,"드라마,계략여주,학원로맨스,복수극"
101,소녀재판,루즌아,RATE_15,378517,SUNDAY,"드라마,2019지상최대공모전,공감성수치"
102,분신으로 자동사냥,차씨,RATE_12,112870,SUNDAY,"판타지,소설원작"
103,폰투스 : 극야2,운,RATE_15,77954,SUNDAY,"스릴러,좀비,먼치킨,감염"
104,"안녕, 나의 수집",하린,ALL,69832,WEDNESDAY,"일상,무해한"
105,"고수, 후궁으로 깨어나다",LICO,RATE_15,96714,SUNDAY,"로맨스,요즘핫한추천작,로맨스코미디,궁중로맨스,동양풍판타지,걸크러시,소설원작"
106,사랑받는 시집살이,견이,ALL,124629,SUNDAY,"로맨스,요즘핫한추천작,러블리,힐링,로판,소설원작"
107,합격시켜주세용,이온,ALL,202082,SUNDAY,판타지
108,神장산범,령,RATE_15,73556,SUNDAY,"로맨스,폭스남,로맨스코미디,인외존재,빙의,구원서사"
109,무진,사과,RATE_15,49480,SUNDAY,"액션,범죄,복수극,느와르"
110,칼끝에 입술,핀쿠,ALL,192948,SUNDAY,"로맨스,계략여주,계약연애,직진남,선결혼후연애,로판,걸크러시,소설원작"
111,장풍전,신영우,RATE_15,43700,SUNDAY,액션
112,청춘계시록,한서,ALL,273277,SUNDAY,"로맨스,로맨스코미디,2021지상최대공모전,현실로맨스,학원물,학원로맨스,하이틴,친구>연인,사이비종교"
113,고백 취소도 되나?,신매,ALL,398655,SUNDAY,"로맨스,폭스남,하이틴,청춘로맨스"
114,어느날 갑자기 서울은,박창근,RATE_15,227698,SUNDAY,"스릴러,아포칼립스,좀비,감염"
115,허리케인 공주님,랑또,ALL,86679,SUNDAY,"개그,요즘핫한추천작,학원물,이세계,성장드라마"
116,오로지 너를 이기고 싶어,아마도지,ALL,453808,SUNDAY,"로맨스,로맨스코미디,하이틴,학원로맨스"
117,랑데뷰,제로,RATE_15,151207,SUNDAY,"드라마,감성드라마"
118,약빨이 신선함,한집,RATE_15,64443,SUNDAY,"판타지,소설원작"
119,밤마다 남편이 바뀐다,구슬,ALL,197752,SUNDAY,"로맨스,2030연애,로맨스코미디,선결혼후연애,로판,소설원작"
120,경자 전성시대,김호드,RATE_15,55360,SUNDAY,"개그,4차원"
121,용사보다 너무 강해서 힘을 숨김,승한,RATE_15,15524,SUNDAY,액션
122,찐한 고백,JIP,RATE_12,61906,SUNDAY,"로맨스,러블리,폭스남,비밀연애,짝사랑,2030연애,로맨스코미디,현실로맨스,오피스로맨스,사내연애,소설원작"
123,황금의 세계를 너에게,레민,RATE_15,22619,SUNDAY,"판타지,성장물,소년왕도물,다크판타지,구원서사,걸크러시"
124,강아지는 멍멍하고 짖지 않아!,얄라리,ALL,21689,WEDNESDAY,"일상,무해한,힐링"
125,내게 종말은 게임이다,HOOPA,RATE_15,52923,SUNDAY,"판타지,아포칼립스,게임판타지,인외존재,인플루언서,먼치킨,소설원작"
126,노빠꾸 최하영,우엉이,RATE_12,59806,SUNDAY,"액션,4차원,힘숨찐,학원물"
127,포크&나이프,삼박,RATE_15,9215,SUNDAY,판타지
128,백설을 위하여,러스츄,RATE_15,64846,SUNDAY,"로맨스,소설원작"
129,내가 만든 이세계,가천가,RATE_12,9370,SUNDAY,"판타지,차원이동,이세계"
130,아카데미에 위장취업당했다,타나,RATE_12,187637,SUNDAY,"판타지,소설원작"
131,평행도시,고다,RATE_15,112434,SUNDAY,판타지
132,첫날밤만 세 번째,나라나라,RATE_15,76421,SUNDAY,"로맨스,고자극로맨스,2030연애,재회,오피스로맨스,소설원작"
133,죽음을 희망합니다,인멸윤금,RATE_15,43090,SUNDAY,"로맨스,힐링,선결혼후연애,구원서사,소설원작"
134,몸이 바뀌는 사정,푸릭,RATE_15,134050,SUNDAY,"로맨스,집착물,성별반전,직진남,삼각관계,빙의,로판,걸크러시,구원서사,소설원작"
135,아포크리파,은성,RATE_15,33114,SUNDAY,"스릴러,오컬트"
136,고양이 타타,로로,ALL,115825,SUNDAY,"드라마,무해한,힐링,동물"
137,펀치드렁커드,고태호,RATE_15,26253,SUNDAY,드라마
138,주인공의 주식을 팝니다,50,ALL,56083,SUNDAY,"로맨스,로판,소설원작"
139,죽고 싶습니다,연제원,RATE_18,10651,SUNDAY,"스릴러,범죄,서바이벌,두뇌싸움,성인웹툰"
140,내곁엔 없을까,쑤녕,ALL,93672,SUNDAY,로맨스
141,장미같은 소리,혜진양,RATE_15,77297,SUNDAY,"스릴러,연예계"
142,무서운게 딱좋아!,이동규,ALL,147543,SUNDAY,"스릴러,레트로,괴담"
143,최고의 뿔소라,김인정,RATE_12,48606,SUNDAY,"로맨스,무해한,다정남,2030연애,로맨스코미디,현실로맨스,연예계,성장드라마,구원서사,감성드라마"
144,사장님이 미쳤어요,밤희,RATE_15,23621,SUNDAY,"로맨스,2030연애,오피스로맨스,사내연애,소설원작"
145,후궁 스캔들,기트로우,ALL,134141,SUNDAY,"로맨스,동양풍판타지,소설원작"
146,신혼부부 생활 백서,문나영,RATE_15,53233,SUNDAY,"로맨스,2030연애,계약연애,현실로맨스,선결혼후연애,소설원작"
147,손 잡은 사이,반하리,ALL,20516,SUNDAY,로맨스
148,108명의 그녀들,고송,ALL,54021,SUNDAY,"로맨스,로판,소설원작"
149,생존고백,박태현,RATE_12,66816,SUNDAY,"로맨스,2021지상최대공모전,오컬트"
150,여신님의 호랑이 공략법,아완,RATE_15,54471,SUNDAY,"로맨스,타임슬립,동양풍판타지,인외존재"
151,헬스던전,도베도베,ALL,35446,SUNDAY,"액션,사이다,4차원,이세계,먼치킨"
152,완벽한 파트너,산차,ALL,63445,SUNDAY,"로맨스,소설원작"
153,성애적 순애보,유,RATE_15,38334,SUNDAY,"로맨스,고자극로맨스,2030연애,청춘로맨스,캠퍼스로맨스"
154,DARK MOON: 달의 제단,HYBE,RATE_12,175445,SUNDAY,"판타지,뱀파이어"
155,마왕의 고백,탑승,RATE_12,126629,SUNDAY,"판타지,2021지상최대공모전,인외존재,성장드라마"
156,사랑은 없는 것처럼,carbo(도효원),RATE_15,33313,SUNDAY,"로맨스,소설원작"
157,잿더미 황후,스튜디오BCW,RATE_15,42118,SUNDAY,"로맨스,소설원작"
158,손 안의 안단테,나윤희,RATE_12,58572,SUNDAY,"드라마,음악,연상연하,성장드라마,감성드라마"
159,여우애담,이도광,RATE_15,88410,SUNDAY,"로맨스,동양풍판타지,퓨전사극,인외존재"
160,킬링킬러,아백,RATE_15,55942,SUNDAY,액션
161,블러드 리벤저,고백,RATE_15,40021,SUNDAY,"판타지,2021지상최대공모전"
162,신의 재래,홍무제,RATE_15,35943,SUNDAY,"판타지,2022지상최대공모전,차원이동,동양풍판타지,이능력배틀물,성장드라마"
163,샤인 스타,김현,ALL,68876,SUNDAY,"로맨스,성장드라마"
164,인생영화,희나리,RATE_15,16899,SUNDAY,"스릴러,타임슬립,서스펜스,복수극"
165,천치전능,김칸비,RATE_12,59980,SUNDAY,드라마
166,네 것이었던 것,아이아리,RATE_15,14322,SUNDAY,드라마
167,천년간 노려왔습니다,수빈,RATE_12,31416,SUNDAY,로맨스
168,패션쇼,로커8,ALL,17310,SUNDAY,드라마
169,어떤소란,케첩,RATE_12,34089,SUNDAY,"로맨스,캠퍼스로맨스"
170,그림자 잡기,최날,RATE_12,6964,SUNDAY,스릴러
171,홍 의관의 은밀한 비밀,유계진,RATE_12,56932,SUNDAY,"로맨스,성별반전,퓨전사극,소설원작"
172,집착광공 집사전락,마자,ALL,10355,SUNDAY,"개그,집착물"
173,프린키피아,버튼,ALL,4465,SUNDAY,판타지
174,김부장,박태준 만화회사,RATE_15,564295,TUESDAY,"액션,사이다,먼치킨,다크히어로,느와르"
175,내가 키운 S급들,seri,RATE_12,432095,TUESDAY,"판타지,회귀,헌터물,이능력배틀물,소년왕도물,먼치킨,소설원작"
176,마루는 강쥐,모죠,ALL,491127,TUESDAY,"개그,무해한,햇살캐,4차원,동물"
177,대학원 탈출일지,요다,ALL,183286,TUESDAY,"일상,하이퍼리얼리즘"
178,멸망 이후의 세계,S-Cynan,RATE_15,320185,TUESDAY,"판타지,레드아이스스튜디오,차원이동,아포칼립스,소설원작"
179,사신소년,류,RATE_15,626525,TUESDAY,"액션,이능력배틀물,소년왕도물,먼치킨"
180,한림체육관,혜성,RATE_15,385965,TUESDAY,"액션,블루스트링,슈퍼스트링,학원물,소년왕도물"
181,용사가 돌아왔다,나락,RATE_15,262530,TUESDAY,"액션,차원이동,아포칼립스,먼치킨,다크판타지"
182,사변괴담,강태진,RATE_15,72089,TUESDAY,"스릴러,역사물,좀비,빙의,괴담"
183,하루만 네가 되고 싶어,삼,RATE_15,706557,TUESDAY,"로맨스,최강자전,2019최강자전,직진남,이세계,역하렘,삼각관계,로판,두뇌싸움,구원서사,걸크러시"
184,천마는 평범하게 살 수 없다,철범,RATE_15,175650,TUESDAY,"판타지,소설원작"
185,집이 없어,와난,ALL,433086,TUESDAY,"드라마,오컬트,학원물,성장드라마"
186,하북팽가 막내아들,스튜디오M,RATE_15,111296,TUESDAY,"무협/사극,회귀,소년왕도물,소설원작"
187,시한부인 줄 알았어요!,혜용,RATE_15,310338,TUESDAY,"로맨스,햇살캐,로맨스코미디,궁중로맨스,계약연애,삼각관계,로판,소설원작"
188,포 더 퀸덤,로즈옹,RATE_18,81009,TUESDAY,"로맨스,고자극로맨스,혐관로맨스,성인웹툰"
189,삼국지톡,무적핑크,RATE_12,165382,TUESDAY,무협/사극
190,도태교실,황준호,RATE_18,43972,TUESDAY,"스릴러,복수극,성인웹툰"
191,궤짝,박태준 만화회사,RATE_15,62079,TUESDAY,스릴러
192,이섭의 연애,248,RATE_15,87523,TUESDAY,"로맨스,재벌,오피스로맨스,사내연애,까칠남,소설원작"
193,위아더좀비,이명재,RATE_12,212041,TUESDAY,"드라마,2020지상최대공모전,아포칼립스,좀비,감염,감성드라마"
194,초인의 게임,Two-zero,ALL,187020,TUESDAY,"판타지,히어로,헌터물,이능력배틀물,소설원작"
195,유사연애,여은,RATE_15,204607,TUESDAY,"로맨스,요즘핫한추천작,폭스남,고자극로맨스,2030연애,현실로맨스,오피스로맨스"
196,호랑이 들어와요,배세혁,ALL,269400,TUESDAY,판타지
197,성검전설,최다킬,RATE_15,14104,TUESDAY,"개그,2022지상최대공모전,고인물,사이다,먼치킨,다크히어로"
198,놓지마 정신줄 시즌3,신태훈,ALL,118815,TUESDAY,"개그,드라마&영화원작웹툰"
199,원주민 공포만화,원주민,RATE_15,296456,TUESDAY,"스릴러,괴담"
200,저 그런 인재 아닙니다,에몽,ALL,205700,TUESDAY,"판타지,세계관,이세계,다크히어로,소설원작"
201,올가미,해무리,RATE_15,502848,TUESDAY,"드라마,폭스남,집착물,고자극로맨스,혐관로맨스,인외존재,뱀파이어"
202,신입사원 김철수,스튜디오MW,RATE_15,21094,TUESDAY,"판타지,타임슬립,힐링,직업드라마,회귀,복수극,두뇌싸움,소설원작"
203,신과함께 돌아온 기사왕님,지대공마법소년,ALL,37006,TUESDAY,"개그,먼치킨,소설원작"
204,랜덤채팅의 그녀!,박은혁,RATE_15,571942,TUESDAY,"드라마,학원물"
205,시체기사 군터,마요너구리,RATE_15,71031,TUESDAY,"액션,인외존재,뱀파이어,다크판타지"
206,윌유메리미,마인드C,ALL,340590,TUESDAY,일상
207,거짓말의 뉘앙스,사즈,ALL,72807,TUESDAY,"드라마,2022지상최대공모전,후회물,하이퍼리얼리즘,인플루언서"
208,우리 집 고양이 보고 갈래?,삼태,RATE_15,132326,TUESDAY,"로맨스,요즘핫한추천작,2022지상최대공모전,무해한,회귀,캠퍼스로맨스,동물"
209,로잘린 보가트,삼월에,RATE_12,145921,TUESDAY,"로맨스,고자극로맨스,궁중로맨스,소설원작"
210,사표내고 이계에서 힐링합니다,덤보,ALL,62813,TUESDAY,"판타지,이세계,음식&요리,소설원작"
211,하우스키퍼,채용택,RATE_15,188403,TUESDAY,"판타지,슈퍼스트링,아포칼립스,sf,먼치킨,감염"
212,집착남주의 전부인이 되었습니다,하담,RATE_15,37534,TUESDAY,"로맨스,집착물,빙의,로판,소설원작"
213,빌런투킬,퓨핀,RATE_15,172117,TUESDAY,"판타지,피카레스크,사이다,이능력배틀물,소년왕도물,복수극"
214,빅맨,하하영,ALL,123290,TUESDAY,"스포츠,농구,스포츠성장"
215,짝사랑의 마침표,숭어,ALL,282844,TUESDAY,"로맨스,짝사랑,하이틴"
216,폭군의 심장을 쥐었다,아리,RATE_15,45469,TUESDAY,"로맨스,소설원작"
217,에이머,구동인,ALL,147676,TUESDAY,"판타지,두뇌싸움"
218,이상형,배사과,RATE_15,5933,TUESDAY,"드라마,하이퍼리얼리즘,삼각관계"
219,짐승의 꽃,하브린,RATE_15,79208,TUESDAY,"로맨스,고자극로맨스,2030연애,로판,소설원작"
220,연우의 순정,이솔,RATE_15,228770,TUESDAY,"감성,다정남,걸크러시"
221,해골협객,성불예정,RATE_15,23141,TUESDAY,"무협/사극,차원이동,좀비,판무,빙의"
222,은주의 방 2~3부,노란구미,ALL,160683,TUESDAY,"드라마,드라마&영화원작웹툰"
223,웅크,나유진,ALL,64112,TUESDAY,"감성,무해한,힐링"
224,배드 엔딩 메이커,오일구,ALL,47213,TUESDAY,"판타지,피카레스크,게임판타지,소설원작"
225,렌탈히어로,포르토,RATE_15,27200,TUESDAY,액션
226,애옹식당,정다정,ALL,98905,TUESDAY,"일상,무해한,힐링,음식&요리,성장드라마,동물"
227,왕게임,신형욱,RATE_12,111351,TUESDAY,"액션,블루스트링,학원물,서스펜스"
228,그냥 선생님,연일,ALL,79241,TUESDAY,일상
229,반대로 끌리는 사이,한구,ALL,63809,TUESDAY,"로맨스,햇살캐,로맨스코미디,2021지상최대공모전,캠퍼스로맨스"
230,로맨스 당도 백퍼센트,이동건,ALL,29185,TUESDAY,"일상,러블리,짝사랑,2030연애,로맨스코미디,현실로맨스,하이퍼리얼리즘"
231,로맨스가 가능해?,임주이,ALL,84017,TUESDAY,"로맨스,2030연애,로맨스코미디,청춘로맨스,선결혼후연애,걸크러시,소설원작"
232,제로게임,즐바센,RATE_12,374577,TUESDAY,"판타지,최강자전,2015최강자전,두뇌싸움,걸크러시"
233,윗집 그 남자,핸저 아트,RATE_15,41790,TUESDAY,"스릴러,해외작품,집착물"
234,착한 여자 안선해,선우,ALL,11985,TUESDAY,"드라마,성장드라마,감성드라마"
235,내남친 킹카만들기,랑쓰,ALL,116922,TUESDAY,"로맨스,환골탈태,로맨스코미디,2021지상최대공모전"
236,주인님을 잡아먹는 방법,세인,RATE_15,121753,TUESDAY,"로맨스,직진남,소설원작"
237,아이즈,정썸머,RATE_15,88094,TUESDAY,"액션,2019지상최대공모전,이능력배틀물,인외존재"
238,랜덤타겟,이니,ALL,75820,TUESDAY,로맨스
239,우투리: THE LEGACY,이재헌,RATE_15,18395,TUESDAY,판타지
240,여우자매,갈치,ALL,78148,TUESDAY,"판타지,동양풍판타지"
241,팀장님은 신혼이 피곤하다,장그린,ALL,75174,TUESDAY,"로맨스,짝사랑,로맨스코미디,계약연애,오피스로맨스,소설원작"
242,자매의 사생활,조주희,RATE_15,39784,TUESDAY,"로맨스,재벌,고자극로맨스,2030연애,로맨스코미디,혐관로맨스,계약연애"
243,필리아로제 - 가시왕관의 예언,백화등,ALL,80594,TUESDAY,"판타지,레드아이스스튜디오,소설원작"
244,"이 결혼, 새로고침",영,RATE_15,52381,TUESDAY,"로맨스,계약연애,소설원작"
245,붉은 이정표,달뜬,RATE_15,49058,TUESDAY,"액션,사이다,동양풍판타지,복수극,먼치킨"
246,햄버거가 제일 좋아,용현,ALL,54259,TUESDAY,"로맨스,현실로맨스,청춘로맨스,연상연하,삼각관계"
247,죽었던 너와 다시 시작하기,히우,RATE_15,20855,TUESDAY,"로맨스,2022지상최대공모전,다정남,집착물,2030연애,캠퍼스로맨스"
248,원포인트,잇,ALL,23892,TUESDAY,"스포츠,동아리,스포츠성장"
249,은밀한 재택근무,굴닭,RATE_12,22405,TUESDAY,"로맨스,재벌,2030연애,로맨스코미디,현실로맨스,친구>연인,직진남,재회,오피스로맨스,사내연애,소설원작"
250,대리게임,철준,RATE_15,12867,TUESDAY,"스릴러,게임판타지,학원물,복수극"
251,공작저의 붉은 밤,H.C,RATE_15,19992,TUESDAY,"로맨스,선결혼후연애,뱀파이어,로판,구원서사,소설원작"
252,돌격! 용마치킨,팀 오누이,ALL,19714,TUESDAY,판타지
253,동경과 거짓말,오한,RATE_12,20849,TUESDAY,"드라마,음악,2021지상최대공모전,성장드라마,구원서사"
254,원수가 나를 유혹할 때,황비노,ALL,34174,TUESDAY,"로맨스,폭스남,2030연애,로맨스코미디,회귀,직진남,소설원작"
255,왕자님 짠내밥상,쑥,ALL,7468,TUESDAY,드라마
256,DARK MOON: 회색 도시,HYBE,RATE_12,17555,TUESDAY,"판타지,세계관,느와르,다크판타지"
257,헥토파스칼,버퍼링,RATE_12,97563,TUESDAY,"액션,복수극,느와르"
258,"너의 순정, 나의 순정",정살,ALL,46017,TUESDAY,"로맨스,학원로맨스"
259,AI 유하,박현,ALL,22710,TUESDAY,"로맨스,아이돌연애,로맨스코미디,현실로맨스,연예계,삼각관계"
260,호랑이형님,이상규,RATE_15,869517,SATURDAY,"판타지,세계관,동양풍판타지"
261,99강화나무몽둥이,홍실,RATE_15,509207,SATURDAY,"판타지,고인물,사이다,게임판타지"
262,초인의 시대,섭이,RATE_15,419951,SATURDAY,"액션,최강자전,2018최강자전,이능력배틀물,소년왕도물"
263,취사병 전설이 되다,제이로빈,ALL,424263,SATURDAY,"판타지,직업드라마,밀리터리,게임판타지,음식&요리,소설원작"
264,얼짱시대,박태준 만화회사,RATE_15,126573,SATURDAY,드라마
265,프리드로우,전선욱,RATE_15,1632032,SATURDAY,"드라마,힘숨찐,학원물,성장드라마"
266,괴양이,붉은코끼리,RATE_15,40229,SATURDAY,"개그,동물,구원서사"
267,유쾌한 왕따(재),김숭늉,RATE_18,37705,SATURDAY,"스릴러,성인웹툰"
268,망나니 소교주로 환생했다,재무,RATE_12,219968,SATURDAY,"무협/사극,레드아이스스튜디오,오컬트,회귀,소설원작"
269,마도전생기,포스스튜디오,RATE_15,109615,SATURDAY,"무협/사극,지금추천작,힘숨찐,판무,소설원작"
270,마님이네 미국 시골집 이야기,마님,ALL,28976,WEDNESDAY,"일상,러블리,힐링,동물"
271,물위의 우리,뱁새,RATE_15,389164,SATURDAY,"드라마,최강자전,2020최강자전,아포칼립스"
272,귀환했는데 입대 전날이다,해일,ALL,144960,SATURDAY,"판타지,지금추천작,소설원작"
273,작전명 순정,꼬까리,ALL,681259,SATURDAY,"로맨스,2021지상최대공모전,하이틴"
274,은탄,김규삼,RATE_15,129550,SATURDAY,"판타지,오컬트,동양풍판타지,다크히어로,먼치킨"
275,아홉수 우리들,수박양,ALL,427220,SATURDAY,"로맨스,2030연애,현실로맨스,감성드라마"
276,망치하르방,상상어,RATE_12,42491,WEDNESDAY,"판타지,힘숨찐,먼치킨"
277,세레나,정이나,RATE_15,375429,SATURDAY,"로맨스,고자극로맨스,혐관로맨스,선결혼후연애"
278,킬러경찰,이제환,RATE_15,132219,SATURDAY,"액션,지금추천작"
279,스터디그룹,신형욱,RATE_15,627568,SATURDAY,"액션,블루스트링,힘숨찐,학원물"
280,놓지마 정신줄 시즌3,신태훈,ALL,118815,TUESDAY,"개그,드라마&영화원작웹툰"
281,황제의 검,레드훅,ALL,37736,SATURDAY,"무협/사극,소설원작"
282,나이트런,김성민,RATE_15,243171,SATURDAY,"판타지,sf,다크판타지"
283,나를 바꿔줘,이지호,RATE_15,257862,SATURDAY,드라마
284,디펜스 게임의 폭군이 되었다,하정,RATE_12,140079,SATURDAY,"판타지,소설원작"
285,흑화한 노예남을 길들였다,LICO,RATE_15,153973,SATURDAY,"로맨스,요즘핫한추천작,소설원작"
286,야매 힐러로 사는 법,14획,ALL,81763,SATURDAY,"판타지,요즘핫한추천작,지금추천작,소설원작"
287,윌유메리미,마인드C,ALL,340590,TUESDAY,일상
288,나랑X할래?,진자,RATE_15,177552,SATURDAY,로맨스
289,민간인 통제구역 - 일급기밀,OSIK,RATE_15,40572,SATURDAY,"스릴러,프리퀄,밀리터리,하이퍼리얼리즘,서스펜스"
290,미나 이퀄,이유정,RATE_18,49973,SATURDAY,"액션,성인웹툰"
291,부패의 사제,보리,RATE_15,34274,SATURDAY,"판타지,소설원작"
292,예명여고,육공,RATE_15,58232,SATURDAY,"스릴러,오컬트,괴담"
293,같은 학교 친구,유유,ALL,256396,SATURDAY,"로맨스,러블리,2020지상최대공모전,학원로맨스,하이틴"
294,완벽한 부부는 없다,롱별,RATE_15,104071,SATURDAY,"로맨스,소설원작"
295,봐선 안되는 것,수리부,RATE_15,68711,SATURDAY,"스릴러,괴담"
296,존잘주의,령,RATE_15,249018,SATURDAY,"로맨스,학원물,역하렘"
297,홍시는 날 좋아해!,강하다,ALL,346496,SATURDAY,"로맨스,햇살캐,까칠남"
298,왕세자 입학도,무번,ALL,135775,SATURDAY,"드라마,퓨전사극,성장드라마"
299,플레이어가 과거를 숨김,개차반,RATE_12,56238,SATURDAY,"판타지,소설원작"
300,데이팅 캣,모하,RATE_15,23615,SATURDAY,"로맨스,학원로맨스,하이틴,인플루언서"
301,대충 캠퍼스로맨스임,공철진,RATE_15,295982,SATURDAY,"로맨스,로맨스코미디,캠퍼스로맨스,삼각관계"
302,탑코너,윤성,ALL,146889,SATURDAY,"스포츠,축구,스포츠성장"
303,연애 생각은 없지만,서울소,RATE_15,25270,SATURDAY,"로맨스,다정남,폭스남,2030연애,로맨스코미디,현실로맨스,직진남,인플루언서,오피스로맨스,사내연애"
304,로맨스 당도 백퍼센트,이동건,ALL,29185,TUESDAY,"일상,러블리,짝사랑,2030연애,로맨스코미디,현실로맨스,하이퍼리얼리즘"
305,묘약마녀,자유,ALL,75036,SATURDAY,"판타지,성장드라마"
306,간첩 18세,팀꿀빨,RATE_15,87772,SATURDAY,"액션,학원물"
307,묘령의 황자,아흐레달,RATE_15,147369,SATURDAY,"드라마,성별반전,궁중로맨스,동양풍판타지,걸크러시"
308,이계진입 리로디드,차우민,ALL,70284,SATURDAY,"판타지,소설원작"
309,남편을 만렙으로 키우려 합니다,유기농,RATE_12,195038,SATURDAY,"로맨스,회귀,선결혼후연애,소설원작"
310,시한부 기사가 되었다,김두루미,RATE_15,8158,SATURDAY,"판타지,헌터물,다크판타지,소설원작"
311,좀비X슬래셔,나락,RATE_15,42801,SATURDAY,"액션,아포칼립스,히어로,좀비"
312,아사,우새새,RATE_15,121522,SATURDAY,"판타지,2020지상최대공모전,동양풍판타지"
313,첫사랑은 헤이트,망두,RATE_12,124900,SATURDAY,"로맨스,캠퍼스로맨스"
314,엑스애쉬,김세훈,RATE_12,98216,SATURDAY,"판타지,게임판타지,소년왕도물"
315,이십팔세기 광팬,컷부,RATE_12,42274,WEDNESDAY,"개그,차원이동,4차원"
316,망겜의 현금술사,무릇,ALL,35599,SATURDAY,"판타지,러블리,로맨스코미디,2021지상최대공모전,힐링,사이다,게임판타지,먼치킨"
317,내게 필요한 NO맨스,마그네슘,ALL,224563,SATURDAY,"로맨스,2019지상최대공모전,연예계,역하렘"
318,더 해머,스튜디오M,RATE_12,37327,SATURDAY,"판타지,소설원작"
319,이종 격투기,꼬마비,RATE_12,21574,SATURDAY,드라마
320,복수를 위한 결혼동맹,EMMA,RATE_12,110407,SATURDAY,"로맨스,소설원작"
321,폭군 남편과 이혼하겠습니다,조사라,ALL,107340,SATURDAY,"로맨스,차원이동,사이다,빙의,걸크러시,소설원작"
322,동그란 그녀와 소심한 그 남자,하야마 이즈미,ALL,24222,SATURDAY,"로맨스,햇살캐,해외작품,로맨스코미디,힐링"
323,최강부캐,직씨,RATE_15,93381,SATURDAY,"액션,게임판타지,먼치킨"
324,노인의 꿈,백원달,ALL,36929,SATURDAY,"드라마,무해한,힐링,성장드라마,감성드라마"
325,더 캐슬 - 귀안의 신부,혜용,RATE_15,57963,SATURDAY,"로맨스,직진남,선결혼후연애,로판,소설원작"
326,방송은 방송으로 봐,박은혁,RATE_15,32113,SATURDAY,드라마
327,당신이 나를 믿으신다면,김그래프,RATE_15,26559,SATURDAY,"드라마,2021지상최대공모전,사이비종교"
328,청춘일지,쏘림,ALL,106148,SATURDAY,"로맨스,2030연애,로맨스코미디,캠퍼스로맨스,청춘로맨스"
329,달과 인어,원산지,ALL,45416,SATURDAY,"드라마,러블리,힐링,인외존재,성장드라마,감성드라마"
330,너에게로 중독,무멘,RATE_15,15259,SATURDAY,로맨스
331,러브 어페어,럭키고릴라,RATE_15,33384,SATURDAY,"로맨스,후회물,비밀연애,고자극로맨스,2030연애,소설원작"
332,사서고생!,몽실,ALL,53413,SATURDAY,드라마
333,용두사망 소설 속의 악녀가 되었다,하견,ALL,64909,SATURDAY,"로맨스,빙의,로판,소설원작"
334,왕년엔 용사님,고샤,ALL,76193,SATURDAY,"판타지,최강자전,2019최강자전"
335,1825일,지민,RATE_15,10795,SATURDAY,"드라마,감성드라마"
336,대박사건,광진,RATE_15,18921,SATURDAY,"스릴러,범죄,서스펜스,복수극,두뇌싸움"
337,전생연분,재아,RATE_15,218119,SATURDAY,"로맨스,레드스트링"
338,애구애구,가령,ALL,32058,SATURDAY,"드라마,무해한,힐링,동물,감성드라마"
339,시선 끝 브로콜리,모차,ALL,34730,SATURDAY,드라마
340,"저무는 해, 시린 눈",MURO,ALL,142198,SATURDAY,드라마
341,밤을 깨우는 마법,외딴,ALL,51449,SATURDAY,"판타지,2020지상최대공모전"
342,궤도의 아이들,나윤희,RATE_12,28433,SATURDAY,"드라마,학원로맨스,청춘로맨스,성장드라마,감성드라마"
343,또다시 열일곱,한다,RATE_12,29636,SATURDAY,"로맨스,타임슬립,2021지상최대공모전,회귀,학원로맨스,전남친"
344,소년 검사,혁씨,RATE_15,51472,SATURDAY,"판타지,게임판타지,성장드라마"
345,너나 나나,김연우,ALL,28194,SATURDAY,"드라마,러블리,학원물"
346,아가사,이다인,RATE_12,43727,SATURDAY,"드라마,궁중로맨스,혐관로맨스,걸크러시"
347,멸망으로 시작하는! 근미래 생존법,김부농,RATE_12,12705,SATURDAY,"판타지,세계관,2021지상최대공모전,두뇌싸움"
348,아침을 지나 밤으로,손지은,ALL,75053,SATURDAY,"판타지,최강자전,2019최강자전"
349,먹지마세요,노도,RATE_15,39835,SATURDAY,"판타지,오컬트,동양풍판타지,인외존재"
350,보고 있지?,송범규,RATE_15,18703,SATURDAY,"드라마,2020지상최대공모전,인플루언서,서스펜스"
351,겨울특강,곤세,RATE_15,15060,SATURDAY,판타지
352,신혼일기,자까,ALL,331459,THURSDAY,"일상,2030연애,친구>연인"
353,선천적 얼간이들,가스파드,ALL,371405,THURSDAY,"개그,무해한,러블리,힐링,4차원,하이퍼리얼리즘,동물,공감성수치"
354,앞집나리,민송아,RATE_18,256706,THURSDAY,"로맨스,2030연애,로맨스코미디,현실로맨스,하이퍼리얼리즘,하이틴,청춘로맨스,성인웹툰"
355,나노마신,현절무,RATE_15,529266,THURSDAY,"무협/사극,레드아이스스튜디오,사이다,게임판타지,이능력배틀물,소설원작"
356,촉법소년,박태준 만화회사,RATE_15,265390,THURSDAY,"액션,지금추천작"
357,재벌집 막내아들,JP,RATE_12,266272,THURSDAY,"드라마,재벌,타임슬립,드라마&영화원작웹툰,회귀,복수극,빙의,두뇌싸움,소설원작"
358,남편을 죽여줘요,이연,RATE_18,221253,THURSDAY,"로맨스,고자극로맨스,서스펜스,로판,감성드라마,성인웹툰"
359,무사만리행,운,RATE_15,175586,THURSDAY,"무협/사극,성장물,퓨전사극,판무,먼치킨"
360,현실퀘스트,이주운,RATE_15,359794,THURSDAY,"액션,게임판타지,회귀,학원물"
361,마도귀환록,팀 더 제이,RATE_15,37949,THURSDAY,"무협/사극,소설원작"
362,나 혼자 네크로맨서,김경열,RATE_12,209053,THURSDAY,"판타지,아포칼립스,이능력배틀물,먼치킨,소설원작"
363,네이처맨,이윤창,RATE_12,70778,THURSDAY,"개그,힘숨찐,히어로,레트로"
364,뮤즈 온 유명,수진,RATE_15,249541,THURSDAY,"드라마,2030연애,하이퍼리얼리즘,청춘로맨스,전남친,재회,연예계,삼각관계"
365,내향남녀,나,ALL,192285,THURSDAY,로맨스
366,정글쥬스,형은,RATE_15,381712,THURSDAY,"액션,슈퍼스트링,이능력배틀물,먼치킨"
367,별을 삼킨 너에게,ARI,RATE_15,463740,THURSDAY,"로맨스,아이돌,최강자전,2019최강자전,친구>연인,연예계,연상연하,삼각관계"
368,순정빌런,세윤,RATE_12,385343,THURSDAY,"로맨스,다정남,로맨스코미디"
369,보스였음,럭스,RATE_15,137095,THURSDAY,액션
370,가족같은 XX,서우현,RATE_15,234603,THURSDAY,"로맨스,2020지상최대공모전,계약연애,연예계,삼각관계"
371,게임 속 바바리안으로 살아남기,한태수,RATE_15,61834,THURSDAY,"판타지,지금추천작,소설원작"
372,특수청소,한(恨),RATE_15,57333,THURSDAY,드라마
373,일립예고 학생들,백본,ALL,63575,THURSDAY,"드라마,성장물,2022지상최대공모전,성장드라마,감성드라마"
374,비서 일탈,솔방울,RATE_15,121254,THURSDAY,"로맨스,고자극로맨스,2030연애,직진남,오피스로맨스,소설원작"
375,쿠베라,카레곰,ALL,471672,THURSDAY,"판타지,세계관,인외존재,다크판타지"
376,내가 사랑한 물고기,우주봄봄,RATE_12,51582,THURSDAY,"로맨스,세계관,2030연애,로맨스코미디,청춘로맨스,인외존재"
377,최강전설 강해효,최병열,RATE_15,616154,THURSDAY,액션
378,국세청 망나니,스튜디오웨이브,ALL,98172,THURSDAY,"드라마,직업드라마,소설원작"
379,시한부 천재 암흑기사,정선율,ALL,79603,THURSDAY,"판타지,지금추천작,게임판타지,소년왕도물,빙의,먼치킨,소설원작"
380,꽃만 키우는데 너무강함,주현후,ALL,190440,THURSDAY,"판타지,게임판타지,먼치킨,소설원작"
381,흑막 여주가 날 새엄마로 만들려고 해,이산시,ALL,266177,THURSDAY,"로맨스,육아물,빙의,로판,소설원작"
382,던전 씹어먹는 아티팩트,엄키,RATE_12,179853,THURSDAY,"판타지,복수극,먼치킨,소설원작"
383,트롤트랩,유비,RATE_12,171057,THURSDAY,"판타지,소년왕도물"
384,돈내놔,은류,RATE_15,25103,THURSDAY,"액션,서바이벌,사이다,게임판타지,머니게임,두뇌싸움,먼치킨"
385,루루라라 우리네 인생,현이씨,ALL,31708,MONDAY,"일상,무해한"
386,완벽한 결혼의 정석,영,RATE_15,263908,THURSDAY,"로맨스,혐관로맨스,계약연애,회귀,선결혼후연애,소설원작"
387,게임 최강 트롤러,박종석,ALL,96966,THURSDAY,"판타지,소설원작"
388,사내연애 사절!,두부,RATE_12,105137,THURSDAY,"로맨스,2030연애,로맨스코미디,현실로맨스,친구>연인,청춘로맨스,오피스로맨스,연상연하,사내연애"
389,서울밤피어,송지형,RATE_15,38022,THURSDAY,"판타지,뱀파이어,먼치킨,다크판타지"
390,네가 죽기를 바랄 때가 있었다,기매,ALL,201983,THURSDAY,"로맨스,후회물,혐관로맨스,로판,구원서사,소설원작"
391,마왕까지 한 걸음,윤홍,RATE_15,153594,THURSDAY,"판타지,힘숨찐"
392,이게 웬 떡,박쓰담,ALL,116588,THURSDAY,로맨스
393,마법사랑해,명랑,RATE_12,65003,THURSDAY,"판타지,차원이동,판무"
394,ㅋㅋ단편.zip,네이버웹툰 작가,ALL,8280,MONDAY,개그
395,여친을 찾아서,뻥,RATE_15,15170,THURSDAY,"드라마,범죄,성장드라마"
396,괴물의 바다,삼칠,RATE_12,9543,THURSDAY,"판타지,성장물,햇살캐,인외존재,구원서사"
397,만능잡캐,홍실,RATE_15,112465,THURSDAY,"판타지,고인물,아포칼립스,게임판타지,먼치킨"
398,이상한 변호사 우영우,원프로젝트,RATE_15,123448,THURSDAY,"드라마,햇살캐,법정드라마,드라마&영화원작웹툰,힐링,직업드라마,성장드라마"
399,해시의 신루,명랑,RATE_15,115111,THURSDAY,"로맨스,햇살캐,다정남,궁중로맨스,퓨전사극,소설원작"
400,쌍둥이 영애가 남장을 하는 이유,아마미야 레이,RATE_12,51127,THURSDAY,"판타지,해외작품,학원로맨스,역하렘,로판"
401,당신의 그림자를 그만두었을 때,봉이,ALL,47998,THURSDAY,"로맨스,소설원작"
402,킬더킹,마사토끼,ALL,72013,THURSDAY,"드라마,두뇌싸움"
403,위대한 겸상,홍치,ALL,119482,THURSDAY,"로맨스,음식&요리"
404,"이러면 안 돼요, 전하!",안진애,ALL,73812,THURSDAY,"로맨스,회귀,로판,걸크러시,소설원작"
405,썩은 핑크의 법칙,힙합신선,RATE_15,61244,THURSDAY,"드라마,2022지상최대공모전,동아리,캠퍼스로맨스"
406,코인 리벤지,박성현,RATE_15,44930,THURSDAY,액션
407,갓트,서패스,RATE_15,61553,THURSDAY,판타지
408,누나! 나 무서워,디귿 ,RATE_15,72972,THURSDAY,"스릴러,4차원,학원물,괴담"
409,그 악룡은 무엇을 위해 사는가,호나란,ALL,51326,THURSDAY,"로맨스,회귀,인외존재,로판,소설원작"
410,THE 런웨이,도미,RATE_15,130646,THURSDAY,"로맨스,오피스로맨스,사내연애,소설원작"
411,오만의 시대,팀 코모도,RATE_15,19386,THURSDAY,"로맨스,요즘핫한추천작,로판,소설원작"
412,잘못된 연애,파키타리,RATE_12,13569,THURSDAY,"로맨스,전남친,캠퍼스로맨스"
413,나의 불편한 상사,탄지,ALL,91405,THURSDAY,"로맨스,오피스로맨스,소설원작"
414,불쌍해야 하는 남자,윤병,RATE_15,10563,THURSDAY,드라마
415,"엔딩, 바꿔보려합니다",모카빵,RATE_12,84479,THURSDAY,"로맨스,2020지상최대공모전,학원로맨스,역하렘,빙의,로판"
416,케찰코아틀 - 다빗,d몬,RATE_18,11529,THURSDAY,"드라마,느와르,성인웹툰"
417,달의 요람,이정선,RATE_12,58631,THURSDAY,드라마
418,독거미,신진우,RATE_15,10460,THURSDAY,"드라마,범죄,서스펜스,복수극,먼치킨"
419,규격 외 혈통 천재,ZAINO,RATE_12,117651,THURSDAY,"판타지,소설원작"
420,아빠같은 남자,이수민,RATE_12,27455,THURSDAY,드라마
421,순수한 동거생활,성은,RATE_12,169976,THURSDAY,"로맨스,현실로맨스,오피스로맨스,연상연하,사내연애,소설원작"
422,너와 XX,뉸,RATE_15,16562,THURSDAY,"로맨스,2030연애,현실로맨스,하이퍼리얼리즘"
423,3X3!,만능유자차,ALL,28407,THURSDAY,"드라마,무해한,힐링,4차원,하이틴,성장드라마,레트로"
424,35cm,홍가,RATE_12,176469,THURSDAY,로맨스
425,가상&RPG,주다현,RATE_12,59616,THURSDAY,"판타지,고인물,최강자전,2019최강자전,게임판타지"
426,따개비,뜰새,RATE_15,19029,THURSDAY,"스릴러,소설원작"
427,나쁜 마법사의 꿈,이아거,ALL,33363,THURSDAY,"판타지,2021지상최대공모전,감성드라마"
428,부캐인생,까를로스,RATE_15,37567,THURSDAY,"드라마,인플루언서,서스펜스"
429,사기 친 공작님을 유혹해버렸다,T.Heimdallr ,ALL,40984,THURSDAY,"판타지,로판,소설원작"
430,카루나,강호진,RATE_12,17790,THURSDAY,판타지
431,배트맨: 웨인 패밀리 어드벤처,CRC Payne,ALL,14059,THURSDAY,"일상,해외작품,히어로"
432,올빼미와 여름 하늘,WmW,ALL,13296,THURSDAY,"로맨스,해외작품,힐링,하이틴,소설원작"
433,유월의 소한,윤정민,ALL,11927,THURSDAY,"로맨스,퓨전사극"
434,황제사냥,KAN,RATE_15,63235,THURSDAY,"판타지,2021지상최대공모전,혐관로맨스,직진남,이세계,복수극,먼치킨,걸크러시,구원서사"
435,권리행사자,샤이탄,RATE_15,19550,THURSDAY,판타지
436,보물과 괴물의 도시,이을,RATE_12,43553,THURSDAY,"판타지,오컬트,인외존재,이능력배틀물,성장드라마,다크판타지"
437,아인슈페너,한끼룩,RATE_15,72344,THURSDAY,"스릴러,집착물"
438,사랑하는 여배우들,고나리자,ALL,23519,THURSDAY,"로맨스,연예계"
439,베니루 BAENIRU,우지금,RATE_15,62544,THURSDAY,"스릴러,서스펜스"
440,만물의 영장,보민,ALL,106082,THURSDAY,"개그,4차원,인외존재,소년왕도물,동물,먼치킨"
441,외모지상주의,박태준,RATE_15,2361301,FRIDAY,"드라마,학원물,먼치킨"
442,광마회귀,JP,RATE_15,401147,FRIDAY,"무협/사극,세계관,사이다,회귀,판무,소설원작"
443,역대급 영지 설계사,이현민,ALL,388445,FRIDAY,"판타지,소년왕도물,소설원작"
444,나 혼자 만렙 뉴비,WAN.Z,RATE_15,510614,FRIDAY,"판타지,고인물,레드아이스스튜디오,사이다,게임판타지,헌터물,먼치킨,소설원작"
445,재혼 황후,히어리,RATE_15,926287,FRIDAY,"로맨스,다정남,후회물,궁중로맨스,혐관로맨스,직진남,이세계,연상연하,역하렘,선결혼후연애,삼각관계,로판,걸크러시,소설원작"
446,대학원 탈출일지,요다,ALL,183286,TUESDAY,"일상,하이퍼리얼리즘"
447,어쩌다보니 천생연분,꿀타래,RATE_15,552995,FRIDAY,"로맨스,로맨스코미디,2021지상최대공모전,선결혼후연애"
448,데드퀸,김규삼,RATE_15,244053,FRIDAY,"판타지,아포칼립스"
449,1초,시니,ALL,547263,FRIDAY,"드라마,직업드라마"
450,"언니, 이번 생엔 내가 왕비야",Omin,RATE_15,346732,FRIDAY,"로맨스,레드아이스스튜디오,사이다,회귀,복수극,로판,소설원작"
451,개를 낳았다,이선,ALL,511213,FRIDAY,"드라마,무해한,동물,감성드라마"
452,상남자,하늘소,RATE_15,242344,FRIDAY,"드라마,직업드라마,머니게임,소설원작"
453,낙향문사전,바킹독,RATE_12,187879,FRIDAY,"무협/사극,레드아이스스튜디오,먼치킨,소설원작"
454,죽지 않으려면,파래,RATE_15,331979,FRIDAY,"액션,환골탈태,블루스트링,사이다,학원물,복수극"
455,세기말 풋사과 보습학원,순끼,ALL,500651,FRIDAY,"로맨스,러블리,소꿉친구,하이틴,학원로맨스,친구>연인,성장드라마,레트로,까칠남"
456,천하제일 대사형,YooN,RATE_15,74829,FRIDAY,"무협/사극,환골탈태,소설원작"
457,사신,임재원,RATE_15,88658,FRIDAY,"무협/사극,성장물,세계관,소년왕도물,소설원작"
458,삼국지톡,무적핑크,RATE_12,165382,TUESDAY,무협/사극
459,A.I. 닥터,ZAINO,ALL,210260,FRIDAY,"드라마,직업드라마,사이다,의학드라마,소설원작"
460,전남편의 미친개를 길들였다,철무장미,RATE_15,209440,FRIDAY,"로맨스,소설원작"
461,여우놀이,황혜진,RATE_12,331446,FRIDAY,"드라마,아이돌,폭스남,2020지상최대공모전,학원로맨스,하이틴"
462,약탈 신부,팀 카푸치노,RATE_15,192475,FRIDAY,"로맨스,혐관로맨스,인외존재,구원서사,소설원작"
463,나혼자 탑에서 농사,임형,ALL,87503,FRIDAY,"판타지,지금추천작,무해한,햇살캐,힐링,차원이동,동물,소설원작"
464,말년용사,후딩,RATE_15,146515,FRIDAY,"판타지,2020지상최대공모전,4차원,밀리터리,회귀"
465,커플브레이커,기맹기,RATE_12,199351,FRIDAY,"로맨스,2030연애,계약연애,현실로맨스,걸크러시"
466,연애의 기록,베어리,RATE_15,23195,FRIDAY,드라마
467,더 게이머,성상영,ALL,393553,FRIDAY,"판타지,게임판타지,먼치킨"
468,히어로 킬러,꿀벌,RATE_15,238416,FRIDAY,"액션,히어로"
469,도깨비의 밤,문식,RATE_12,39497,FRIDAY,액션
470,그렇고 그런 바람에,아니영,RATE_15,274565,FRIDAY,"로맨스,햇살캐,러블리,로맨스코미디,캠퍼스로맨스,인플루언서,걸크러시"
471,폭군님은 착하게 살고 싶어,람글,ALL,176921,FRIDAY,로맨스
472,브레이커 : 이터널 포스,전극진,RATE_15,97824,FRIDAY,"액션,환골탈태,세계관,사이다,소년왕도물,느와르"
473,그 기사가 레이디로 사는 법,아인,ALL,230014,FRIDAY,"판타지,혐관로맨스,삼각관계,빙의,로판,소설원작"
474,문제적 왕자님,선인장,RATE_15,115773,FRIDAY,"로맨스,로맨스코미디,로판,소설원작"
475,흑요석의 신부,왕보라청푸름,RATE_15,34540,FRIDAY,"로맨스,요즘핫한추천작,로판"
476,플레이어,박종석,RATE_12,208839,FRIDAY,"액션,게임판타지,이능력배틀물"
477,너의 미소가 함정,앵고,ALL,226196,FRIDAY,"로맨스,하이틴"
478,희란국연가,MIDNIGHT STUDIO,RATE_15,219990,FRIDAY,"로맨스,후회물,혐관로맨스,동양풍판타지,이세계,인외존재,삼각관계,구원서사,소설원작"
479,소름일기,석재윤,RATE_15,48715,FRIDAY,"스릴러,오컬트,괴담"
480,대위님! 이번 전쟁터는 이곳인가요?,김망고,ALL,76321,FRIDAY,"로맨스,차원이동,밀리터리,빙의,로판,걸크러시,소설원작"
481,여자를 사귀고 싶다,노갓량,RATE_15,65484,FRIDAY,"개그,2030연애,블루스트링,청춘로맨스,성장드라마,공감성수치"
482,언다잉,임목원,RATE_12,48511,FRIDAY,스릴러
483,바스티안,아빈,RATE_15,114436,FRIDAY,"로맨스,2030연애,혐관로맨스,선결혼후연애,로판,소설원작"
484,평화식당,턍,RATE_12,35501,FRIDAY,"판타지,먼치킨"
485,온리호프,초승,RATE_15,208734,FRIDAY,"로맨스,타임슬립,고자극로맨스,회귀"
486,펜홀더,이은재,RATE_12,6938,FRIDAY,"스포츠,성장물,스포츠성장,성장드라마"
487,쌈빡,38,RATE_15,108637,FRIDAY,"액션,학원물"
488,웅크,나유진,ALL,64112,TUESDAY,"감성,무해한,힐링"
489,킬 더 드래곤,현가,RATE_15,71726,FRIDAY,"액션,레드아이스스튜디오,헌터물,소설원작"
490,로또 황녀님,무무경,ALL,84245,FRIDAY,"로맨스,러블리,육아물,로판"
491,룸9,은작,RATE_15,25659,FRIDAY,스릴러
492,그냥 선생님,연일,ALL,79241,TUESDAY,일상
493,죽음으로 구원하사,고요빛,RATE_18,35003,FRIDAY,"스릴러,2021지상최대공모전,서스펜스,복수극,성인웹툰"
494,신컨의 원 코인 클리어,스튜디오 호호이,ALL,53589,FRIDAY,"판타지,소설원작"
495,성스러운 그대 이르시길,26,RATE_15,88635,FRIDAY,"로맨스,소설원작"
496,후덜덜덜 남극전자,김민혁,ALL,48366,FRIDAY,개그
497,절대복종,혼,RATE_15,53781,FRIDAY,"액션,게임판타지,학원물"
498,몽홀,장태산,ALL,94747,FRIDAY,"무협/사극,역사물"
499,여름여자 하보이,석영,RATE_12,89719,FRIDAY,"로맨스,성별반전,2020지상최대공모전"
500,지니오패스,공현곤,RATE_15,33694,FRIDAY,"스릴러,서스펜스,복수극,두뇌싸움"
501,메소드 연기법,김이연,RATE_15,35153,FRIDAY,"스릴러,계략여주"
502,멜빈이 그들에게 남긴 것,삼칠13,RATE_12,91018,FRIDAY,"로맨스,햇살캐,레드아이스스튜디오,힐링,로판,소설원작"
503,스토커의 하루,bunny,RATE_15,48718,FRIDAY,"스릴러,서스펜스,괴담"
504,너의 키스씬,조니조,RATE_15,69831,FRIDAY,"로맨스,비밀연애,짝사랑,2030연애,로맨스코미디,현실로맨스,직진남,연상연하,연예계"
505,재앙의 날,환상특급,RATE_15,29229,FRIDAY,스릴러
506,오!너의 리스크,바리,RATE_15,94474,FRIDAY,"드라마,2020지상최대공모전"
507,인피니티,2오,ALL,56117,FRIDAY,"스포츠,스포츠성장"
508,서울역 드루이드,문성호,RATE_15,178274,FRIDAY,"판타지,헌터물,먼치킨,소설원작"
509,백년게임,하람,RATE_12,76412,FRIDAY,판타지
510,우리 무슨 사이야?,고농,ALL,81541,FRIDAY,로맨스
511,악마라고 불러다오,자양,RATE_15,131586,FRIDAY,"로맨스,소설원작"
512,별빛 커튼콜,아르몽,ALL,46578,FRIDAY,"로맨스,힐링,청춘로맨스,인플루언서,성장드라마"
513,연기는 처음인데요?!,홍로베,ALL,33335,FRIDAY,"로맨스,학원로맨스,하이틴,청춘로맨스,연예계,성장드라마"
514,합법해적 파르페,뼈피살,ALL,51318,FRIDAY,"판타지,최강자전,2017최강자전"
515,미드우트,원김,RATE_15,37289,FRIDAY,판타지
516,하나는 적고 둘은 너무 많아,젤리피쉬,RATE_15,24361,FRIDAY,"로맨스,고자극로맨스,현실로맨스,재회"
517,"푸른 밤, 황홀의 윤무",호찌,RATE_15,57509,FRIDAY,"로맨스,고자극로맨스,혐관로맨스,뱀파이어,까칠남,소설원작"
518,비밀친구,이밤애,RATE_15,29852,FRIDAY,"스릴러,2021지상최대공모전,서스펜스,복수극,두뇌싸움"
519,천상의 주인,권러프,RATE_12,25725,FRIDAY,"판타지,소년왕도물"
520,미친 후작을 길들이고 말았다,골지,ALL,147960,FRIDAY,"로맨스,소설원작"
521,신의 최애캐,김찹쌀,RATE_12,16649,FRIDAY,"드라마,2022지상최대공모전,타임슬립"
522,애증화음,전구,ALL,22124,FRIDAY,"드라마,음악,서바이벌,혐관로맨스,학원물,성장드라마,걸크러시"
523,히트포인트,민형,RATE_15,55392,FRIDAY,"판타지,성장물,사이다,이능력배틀물,소년왕도물"
524,뜨거운 홍차,에리카,ALL,63961,FRIDAY,"로맨스,학원로맨스,소설원작"
525,크림슨 하트,HYBE,RATE_12,16286,FRIDAY,"판타지,세계관,이세계,걸크러시"
526,기억해줘,BD,RATE_12,28869,FRIDAY,"로맨스,2021지상최대공모전,현실로맨스,재회,연상연하"
527,지옥 키우기,양세하,RATE_15,44331,FRIDAY,"스릴러,2021지상최대공모전,서스펜스,다크판타지"
528,여름의 너에게,라라뮤,ALL,79252,FRIDAY,"로맨스,힐링,학원로맨스,삼각관계"
529,세라는 망돌,햇살,ALL,19171,FRIDAY,로맨스
530,화산귀환,LICO,RATE_15,1135730,WEDNESDAY,"무협/사극,세계관,동양풍판타지,회귀,힘숨찐,이세계,먼치킨,소설원작"
531,무직백수 계백순,지발,RATE_15,129590,WEDNESDAY,"개그,요즘핫한추천작"
532,전지적 독자 시점,UMI,RATE_15,1014285,WEDNESDAY,"판타지,세계관,레드아이스스튜디오,아포칼립스,게임판타지,헌터물,이능력배틀물,먼치킨,구원서사,소설원작"
533,성스러운 작가생활,이작가야,RATE_18,175015,WEDNESDAY,"로맨스,요즘핫한추천작,로맨스코미디,직업드라마,전남친,까칠남,성인웹툰"
534,헬퍼 2 : 킬베로스,삭,RATE_18,389450,WEDNESDAY,"액션,성인웹툰"
535,백XX,병장,RATE_15,269379,WEDNESDAY,"액션,지금추천작,범죄"
536,캐슬2:만인지상,정연,RATE_15,212923,WEDNESDAY,"액션,요즘핫한추천작,지금추천작,범죄,사이다,복수극,먼치킨,느와르"
537,66666년 만에 환생한 흑마법사,팀 더 지크,RATE_12,343001,WEDNESDAY,"판타지,회귀,먼치킨,소설원작"
538,일렉시드,손제호,RATE_12,487579,WEDNESDAY,"액션,세계관,학원물,이능력배틀물,성장드라마,동물"
539,마님이네 미국 시골집 이야기,마님,ALL,28977,WEDNESDAY,"일상,러블리,힐링,동물"
540,미래의 골동품 가게,구아진,RATE_15,256468,WEDNESDAY,"스릴러,오컬트"
541,칼에 취한 밤을 걷다,JP,RATE_15,122161,WEDNESDAY,"무협/사극,세계관,사이다,판무,소설원작"
542,튜토리얼 탑의 고인물,토프,RATE_15,342228,WEDNESDAY,"액션,고인물,아포칼립스,사이다,게임판타지,헌터물,먼치킨,소설원작"
543,왕따가 격투기를 너무 잘함,팀꿀빨,RATE_15,83763,WEDNESDAY,"액션,지금추천작,소설원작"
544,나쁜사람,둠스,RATE_12,393867,WEDNESDAY,"액션,학원물"
545,마른 가지에 바람처럼,화음,RATE_12,460081,WEDNESDAY,"로맨스,이세계,구원서사,소설원작"
546,황후를 훔친 이는 누구인가,핀쿠,RATE_15,155578,WEDNESDAY,"로맨스,로판,소설원작"
547,망치하르방,상상어,RATE_12,42491,WEDNESDAY,"판타지,힘숨찐,먼치킨"
548,에브리띵 이즈 파인,마이크 버첼,RATE_15,104106,WEDNESDAY,"스릴러,해외작품"
549,내가 죽기로 결심한 것은,YUJU,RATE_15,614606,WEDNESDAY,"로맨스,폭스남,집착물,청춘로맨스,재회"
550,쓰레기는 쓰레기통에!,EDDiERiNG,RATE_15,263855,WEDNESDAY,"로맨스,계략여주,2021지상최대공모전,현실로맨스,서스펜스"
551,베이비 폭군,아원,ALL,169312,WEDNESDAY,"로맨스,육아물,소설원작"
552,사상최강,이단아,ALL,129149,WEDNESDAY,"무협/사극,사이다,먼치킨,소설원작"
553,빌드업,911,RATE_12,268080,WEDNESDAY,"스포츠,2019지상최대공모전,축구,스포츠성장,소년왕도물"
554,중간에서 만나,조흰,RATE_15,199409,WEDNESDAY,"로맨스,폭스남,로맨스코미디,연상연하"
555,흔한 빙의물인 줄 알았다,DOYOSAY,ALL,120377,WEDNESDAY,"로맨스,로판,소설원작"
556,악의 등교,팀 더 지크,RATE_15,81525,WEDNESDAY,"액션,학원물,소설원작"
557,닥터앤닥터 병원일기,닥터베르,ALL,35833,WEDNESDAY,"일상,육아물,의학드라마"
558,"안녕, 나의 수집",하린,ALL,69832,WEDNESDAY,"일상,무해한"
559,헤어지면 죽음,봄소희,RATE_15,225146,WEDNESDAY,"로맨스,레드스트링,인플루언서"
560,어린 상사,LICO,RATE_15,36400,WEDNESDAY,"로맨스,현실로맨스,오피스로맨스,소설원작"
561,칼부림,고일권,RATE_12,71807,WEDNESDAY,"무협/사극,역사물,판무"
562,급식아빠,김재한,RATE_15,370104,WEDNESDAY,"액션,학원물"
563,인과관계,강환영,RATE_12,290675,WEDNESDAY,"로맨스,힐링,학원로맨스,청춘로맨스,삼각관계"
564,판타지 여동생!,유누,ALL,123016,WEDNESDAY,"판타지,게임판타지"
565,좀간,옹구,RATE_15,164444,WEDNESDAY,액션
566,언덕 위의 제임스,쿠당탕,ALL,153796,WEDNESDAY,"개그,4차원"
567,결혼 시뮬레이션,김래잇,RATE_15,22744,WEDNESDAY,드라마
568,하렘의 남자들,히어리,RATE_12,340492,WEDNESDAY,"로맨스,궁중로맨스,이세계,역하렘,로판,소설원작"
569,옆집남자 친구,꿀삼,ALL,144209,WEDNESDAY,"로맨스,현실로맨스,캠퍼스로맨스,청춘로맨스,까칠남"
570,괴물공작의 딸,한바다,ALL,186692,WEDNESDAY,"판타지,힐링,육아물"
571,용한소녀,올소,ALL,118568,WEDNESDAY,"로맨스,학원로맨스,동물"
572,남사친의 법칙,이도윤,ALL,138784,WEDNESDAY,"로맨스,짝사랑,현실로맨스,학원로맨스,하이틴,청춘로맨스"
573,사내고충처리반,정주행,RATE_12,28338,WEDNESDAY,"드라마,범죄,직업드라마,복수극"
574,귀비나리,신희빈,RATE_15,34253,WEDNESDAY,"스릴러,복수극"
575,행성인간2: 행성의,조석,RATE_15,50870,WEDNESDAY,스릴러
576,두 번 사는 프로듀서,여로운,RATE_12,59752,WEDNESDAY,"판타지,직업드라마,회귀,연예계,소설원작"
577,메모리얼,상C,RATE_15,59121,WEDNESDAY,스릴러
578,겨울 정원의 하와르,단청,ALL,88133,WEDNESDAY,"로맨스,소설원작"
579,수요웹툰의 나강림,이경민,RATE_15,131762,WEDNESDAY,판타지
580,강아지는 멍멍하고 짖지 않아!,얄라리,ALL,21689,WEDNESDAY,"일상,무해한,힐링"
581,두꺼비집,허만강,RATE_15,19778,WEDNESDAY,스릴러
582,말숙이를 부탁해,임규현,ALL,44377,WEDNESDAY,"개그,2022지상최대공모전,육아물"
583,누가 나를 죽였을까,후,RATE_18,34120,WEDNESDAY,"스릴러,서스펜스,성인웹툰"
584,주부 육성중,임현,ALL,59445,WEDNESDAY,드라마
585,반귀,세정,RATE_12,114277,WEDNESDAY,"로맨스,오컬트,인외존재"
586,나를 낳아줘,미티,RATE_15,50930,WEDNESDAY,"드라마,현실로맨스"
587,이십팔세기 광팬,컷부,RATE_12,42274,WEDNESDAY,"개그,차원이동,4차원"
588,격기3반,이학,RATE_15,280047,WEDNESDAY,"스포츠,환골탈태,격투기"
589,운명을 보는 회사원,영완(映完),ALL,138339,WEDNESDAY,"판타지,직업드라마,소설원작"
590,내겐 너무 소란한 결혼,이지이,RATE_15,64473,WEDNESDAY,"로맨스,로맨스코미디,현실로맨스,선결혼후연애,소설원작"
591,케찰코아틀 - 헤수스,d몬,RATE_18,12715,WEDNESDAY,"드라마,느와르,성인웹툰"
592,로어 올림푸스,레이첼스마이스,RATE_15,91054,WEDNESDAY,"로맨스,해외작품,역사물,세계관,인외존재,구원서사"
593,범상찮은 밤,어사화,RATE_15,28723,WEDNESDAY,"드라마,2022지상최대공모전,사이다,서스펜스,복수극"
594,그 남자의 은밀한 하루,탄단,RATE_12,70293,WEDNESDAY,"로맨스,2030연애,계약연애,현실로맨스,오피스로맨스,사내연애,소설원작"
595,미시령,모코넛,RATE_15,152928,WEDNESDAY,"스릴러,최강자전,2016최강자전"
596,더 베이비시터,김도연,RATE_15,16790,WEDNESDAY,스릴러
597,사생돌,령,RATE_15,39430,WEDNESDAY,"로맨스,아이돌,로맨스코미디,혐관로맨스,연예계,성장드라마,까칠남"
598,어느 백작 영애의 이중생활,Jeu,ALL,53533,WEDNESDAY,"로맨스,성별반전,로맨스코미디,로판,소설원작"
599,멸종위기종인간,사하라,RATE_15,29593,WEDNESDAY,"판타지,2021지상최대공모전,아포칼립스,이능력배틀물"
600,나랑 해요,통조림,RATE_12,29025,WEDNESDAY,"로맨스,재벌,다정남,짝사랑,고자극로맨스,2030연애,직진남,소설원작"
601,하얀 사자의 비밀 신부,봉비,ALL,65241,WEDNESDAY,"로맨스,계략여주,회귀,로판,소설원작"
602,두 마리를 위한 뜰,솜마르,RATE_15,25670,WEDNESDAY,"드라마,2022지상최대공모전,힐링,혐관로맨스,동양풍판타지,인외존재,성장드라마,동물"
603,"이혼은 쉬운데, 연애는 어렵다",수빙,RATE_12,36111,WEDNESDAY,"로맨스,러블리,다정남,짝사랑,2030연애,로맨스코미디,직업드라마,직진남,오피스로맨스,사내연애,소설원작"
604,히어로 더 맥시멈,박재이,RATE_12,22157,WEDNESDAY,"액션,2021지상최대공모전,히어로"
605,줄리에게,제야,ALL,27856,WEDNESDAY,로맨스
606,나의 계절,박수민,RATE_15,36271,WEDNESDAY,로맨스
607,굿헌팅,HB,RATE_15,18863,WEDNESDAY,스릴러
608,연애고수,햇님,RATE_15,39690,WEDNESDAY,"로맨스,전남친,직진남,인플루언서,삼각관계"
609,우리의 연애일지,오늘,ALL,11240,WEDNESDAY,로맨스
610,솔그린,래드,RATE_15,12787,WEDNESDAY,"드라마,학원물,성장드라마"
611,이런 미친 엔딩,LEE세,ALL,42746,WEDNESDAY,로맨스
612,영웅&마왕&악당,모모,RATE_12,72715,WEDNESDAY,"판타지,까칠남,소설원작"
613,넷시의 비밀,비온후,ALL,34538,WEDNESDAY,"로맨스,세계관,로맨스코미디,구원서사"
614,킬링대디,또이,RATE_15,9134,WEDNESDAY,드라마
615,낙원의 이론,무멘,ALL,35594,WEDNESDAY,"판타지,소설원작"
616,아이돌의 비밀 스터디,우아람,RATE_12,11595,WEDNESDAY,"드라마,아이돌,2020지상최대공모전,연예계,성장드라마"
617,산의 시간,지님,ALL,12404,WEDNESDAY,드라마
618,수플레 팬 케이크,호박,RATE_12,18950,WEDNESDAY,"판타지,이세계,음식&요리,성장드라마"
